-- Generated from database/*.json by scripts/generate-seed-sql.mjs

BEGIN;

-- loads_of_love_admins: 3 rows
INSERT INTO "loads_of_love_admins" ("id", "username", "password_hash", "email", "created_at")
VALUES
('1fccf87a-2550-4745-b425-d877cb83cd2c', 'Mark@ChristsLovingHands.org', '$2b$10$aH43M01pFqf6pFJxGQzOUeyOKpo3Tg3IcDa7mMy1QwSIlWFZ2KwpO', 'Mark@ChristsLovingHands.org', '2025-07-25T21:08:27.196Z'),
('89185155-6f62-4e24-9487-4a91fe7dbf33', 'Melanie@ChristsLovingHands.org', '$2b$10$XvlaEZ0J.mueBVS6oZlf6O93mmb8QOh9Tyw4mvmd7eFz6KSHVAteG', 'Melanie@ChristsLovingHands.org', '2025-07-25T19:39:03.140Z'),
('a0739905-db44-4226-81aa-1928ecdd1c41', 'admin', '$2b$12$BK89Gj3.MGhCulkHxukqCuErIw87HyJ6Py4ELYGgJWtY6ZT7ocpaq', 'admin@christslovinghands.org', '2025-07-23T18:03:15.870Z')
ON CONFLICT ("id") DO NOTHING;

-- loads_of_love_events: 17 rows
INSERT INTO "loads_of_love_events" ("id", "title", "description", "date", "location", "laundromat_name", "laundromat_address", "created_at", "updated_at")
VALUES
('045af2f8-6eb3-4a84-a542-d303050194d8', 'Evening Loads of Love', '', '2026-03-24T12:00:00.000Z', 'Harrison', 'Sandarellas Coin Laundry', '490 S State St', '2026-02-25T17:15:08.576Z', '2026-02-25T17:15:08.556Z'),
('0c1c1930-e50f-488b-946d-2a15a4cb3557', 'Evening Loads of Love, 08/26/25', '', '2025-08-26T04:00:00.000Z', 'Sandarellas Coin Laundry, 490 South State Street', NULL, NULL, '2025-07-25T23:40:17.273Z', '2025-07-30T15:53:54.490Z'),
('0ec36d28-a30a-4565-9d0a-d9ed47dea184', 'Morning Loads of Love', '', '2025-09-09T04:00:00.000Z', 'Harrison', 'Sandarellas Coin Laundry', '490 S State St', '2025-08-20T20:22:38.120Z', '2025-08-20T20:23:29.716Z'),
('0ec70096-fda8-4770-9566-6326a2c04f73', 'Morning Loads of Love', '', '2025-10-14T04:00:00.000Z', 'Harrison', 'Sandarellas Coin Laundry', '490 S State St', '2025-10-03T15:14:20.877Z', '2025-10-03T15:15:24.214Z'),
('24c0d9a4-eead-42e0-a77b-e6f919ddcf1b', 'Evening Loads of Love, 07/29/25', '', '2025-07-29T04:00:00.000Z', 'Sandarellas Coin Laundry, 490 South State Street', NULL, NULL, '2025-07-24T15:59:02.619Z', '2025-07-25T19:43:39.695Z'),
('445ba6e9-0c6d-4a47-a857-82cf74de61d3', 'Evening Loads of Love', '', '2026-01-27T05:00:00.000Z', 'Harrison', 'Sandarellas Coin Laundry', '490 S State St', '2025-12-10T16:26:59.285Z', '2026-01-05T16:52:25.726Z'),
('691b9b1c-9933-46f7-9f71-3e2344db419b', 'Morning Loads of Love', '', '2025-12-09T12:00:00.000Z', 'Harrison', 'Sandarellas Coin Laundry', '490 S State St', '2025-11-12T17:02:39.883Z', '2025-11-12T17:02:39.863Z'),
('6e0e29a6-89bd-47a8-b59e-3aef2f7f9534', 'Evening Loads of Love', '', '2025-10-28T04:00:00.000Z', 'Harrison', 'Sandarellas Coin Laundry', '490 S State St', '2025-10-03T15:14:16.165Z', '2025-10-03T15:15:16.673Z'),
('727139de-b8fc-416d-a701-55f6caacf3dc', 'Morning Loads of Love, 08/12/25', '', '2025-08-12T04:00:00.000Z', 'Sandarellas Coin Laundry, 490 South State Street', NULL, NULL, '2025-07-25T18:27:40.468Z', '2025-07-25T19:43:33.268Z'),
('7347f55b-d67f-41b8-9875-cc6efaa5f5e5', 'Evening Loads of Love 09/23', '', '2025-09-23T04:00:00.000Z', 'Harrison', 'Sandarellas Coin Laundry', '490 S State St', '2025-09-03T15:47:43.561Z', '2025-09-09T15:25:00.746Z'),
('8f2a2036-625c-446c-aa41-730c34b83233', 'Morning Loads of Love', '', '2025-11-11T12:00:00.000Z', 'Harrison', 'Sandarellas Coin Laundry', '490 S State St', '2025-10-29T17:21:04.498Z', '2025-10-29T17:21:04.490Z'),
('96b46706-b1d4-435b-b41d-42298554fe33', 'Morning Loads of Love', '', '2026-03-10T12:00:00.000Z', 'Harrison', 'Sandarellas Coin Laundry', '490 S State St', '2026-02-11T17:05:42.134Z', '2026-02-11T17:05:42.113Z'),
('acd9d8e5-51b4-4233-a9bf-48776142377d', 'Evening Loads of Love', '', '2026-02-24T12:00:00.000Z', 'Harrison', 'Sandarellas Coin Laundry', '490 S State St', '2026-01-28T17:47:23.502Z', '2026-01-28T17:47:23.482Z'),
('e0e1e15d-f32d-489f-aeb1-28348bb31b91', 'Evening Loads of Love', '', '2025-11-25T12:00:00.000Z', 'Harrison', 'Sandarellas Coin Laundry', '490 S State St', '2025-10-29T17:21:07.162Z', '2025-10-29T17:21:07.152Z'),
('ed2683f0-9162-43d0-8e0f-2b4c8d0ef0ac', 'Morning Loads of Love', '', '2026-02-10T12:00:00.000Z', 'Harrison', 'Sandarellas Coin Laundry', '490 S State St', '2026-01-14T17:14:04.520Z', '2026-01-14T17:14:04.005Z'),
('ee2e12d4-5b08-4c5c-8122-5ccd54cacb9f', 'Morning Loads of Love', '', '2026-01-13T05:00:00.000Z', 'Harrison', 'Sandarellas Coin Laundry', '490 S State St', '2025-12-10T16:26:46.439Z', '2026-01-05T16:51:32.808Z'),
('f46ae096-0b17-4f61-bb48-8fb7350b14c8', 'Morning Loads of Love', '', '2026-04-14T12:00:00.000Z', 'Harrison', 'Sandarellas Coin Laundry', '490 S State St', '2026-03-11T17:42:50.489Z', '2026-03-11T17:42:50.536Z')
ON CONFLICT ("id") DO NOTHING;

-- loads_of_love_time_slots: 34 rows
INSERT INTO "loads_of_love_time_slots" ("id", "event_id", "start_time", "end_time", "capacity", "created_at")
VALUES
('0440521f-b3e7-4af1-830e-4a40ccd5fe73', '691b9b1c-9933-46f7-9f71-3e2344db419b', '2025-12-09T14:30:00.000Z', '2025-12-09T15:30:00.000Z', 5, '2025-11-12T17:02:39.942Z'),
('07776cec-93b8-43bb-93b0-5704b3914844', '0c1c1930-e50f-488b-946d-2a15a4cb3557', '2025-08-26T21:30:00.000Z', '2025-08-26T22:30:00.000Z', 5, '2025-07-25T23:40:17.295Z'),
('07f9e324-1bec-4768-9a9b-02edd9a52b47', '0ec70096-fda8-4770-9566-6326a2c04f73', '2025-10-14T14:00:00.000Z', '2025-10-14T15:00:00.000Z', 5, '2025-10-03T15:14:20.911Z'),
('0e927fa9-3045-4981-8481-336899569247', '6e0e29a6-89bd-47a8-b59e-3aef2f7f9534', '2025-10-28T21:30:00.000Z', '2025-10-28T22:30:00.000Z', 5, '2025-10-03T15:14:16.186Z'),
('1d1bd1ed-f75f-4369-9cda-aed0e49fa87e', '0c1c1930-e50f-488b-946d-2a15a4cb3557', '2025-08-26T22:15:00.000Z', '2025-08-26T23:15:00.000Z', 5, '2025-07-25T23:40:17.327Z'),
('25eea835-e7be-4fa2-9cd3-1e46ca50b935', '8f2a2036-625c-446c-aa41-730c34b83233', '2025-11-11T14:30:00.000Z', '2025-11-11T15:30:00.000Z', 5, '2025-10-29T17:21:04.549Z'),
('2f27e558-9dc7-4646-9068-554c2850e4a4', 'e0e1e15d-f32d-489f-aeb1-28348bb31b91', '2025-11-25T22:30:00.000Z', '2025-11-25T23:30:00.000Z', 5, '2025-10-29T17:21:07.265Z'),
('2f48d3bb-470a-48c9-9dee-095dedc9a846', 'acd9d8e5-51b4-4233-a9bf-48776142377d', '2026-02-24T23:00:00.000Z', '2026-02-25T00:00:00.000Z', 5, '2026-01-28T17:47:23.610Z'),
('503d7736-0b5d-4a4d-beb6-d10b05f502cc', 'ed2683f0-9162-43d0-8e0f-2b4c8d0ef0ac', '2026-02-10T14:30:00.000Z', '2026-02-10T15:30:00.000Z', 5, '2026-01-14T17:14:05.520Z'),
('5a7635e4-a343-4084-bb4d-2a6b4ad861f0', '0ec36d28-a30a-4565-9d0a-d9ed47dea184', '2025-09-09T14:00:00.000Z', '2025-09-09T15:00:00.000Z', 5, '2025-08-20T20:22:38.224Z'),
('5f0a5c57-6967-4f8a-96ff-dc32b049e1c5', '0ec36d28-a30a-4565-9d0a-d9ed47dea184', '2025-09-09T13:30:00.000Z', '2025-09-09T14:30:00.000Z', 5, '2025-08-20T20:22:38.175Z'),
('601a6a31-e2b3-4be0-8051-38fa28168ba4', 'e0e1e15d-f32d-489f-aeb1-28348bb31b91', '2025-11-25T23:00:00.000Z', '2025-11-26T00:00:00.000Z', 5, '2025-10-29T17:21:07.312Z'),
('61589164-0010-4a5d-b8b6-c023eff9736f', '96b46706-b1d4-435b-b41d-42298554fe33', '2026-03-10T14:00:00.000Z', '2026-03-10T15:00:00.000Z', 5, '2026-02-11T17:05:42.255Z'),
('69382cf0-7892-4a18-b3e2-efd9579ec9ad', 'ee2e12d4-5b08-4c5c-8122-5ccd54cacb9f', '2026-01-13T14:30:00.000Z', '2026-01-13T15:30:00.000Z', 5, '2025-12-10T16:26:46.495Z'),
('70035249-ff57-44ad-a8ca-9e9bb823d5b2', 'ee2e12d4-5b08-4c5c-8122-5ccd54cacb9f', '2026-01-13T15:00:00.000Z', '2026-01-13T16:00:00.000Z', 5, '2025-12-10T16:26:46.548Z'),
('876290be-dfb4-4244-bed6-c943bc2e5d19', 'ed2683f0-9162-43d0-8e0f-2b4c8d0ef0ac', '2026-02-10T15:00:00.000Z', '2026-02-10T16:00:00.000Z', 5, '2026-01-14T17:14:05.820Z'),
('9b1a0ee8-9dea-4c95-a88f-41830d2e5055', '96b46706-b1d4-435b-b41d-42298554fe33', '2026-03-10T13:30:00.000Z', '2026-03-10T14:30:00.000Z', 5, '2026-02-11T17:05:42.199Z'),
('9f716ca8-d699-4897-805a-375a5a543021', 'acd9d8e5-51b4-4233-a9bf-48776142377d', '2026-02-24T22:30:00.000Z', '2026-02-24T23:30:00.000Z', 5, '2026-01-28T17:47:23.559Z'),
('a017a838-4d90-4410-9048-135bfc8addfb', '0ec70096-fda8-4770-9566-6326a2c04f73', '2025-10-14T13:30:00.000Z', '2025-10-14T14:30:00.000Z', 5, '2025-10-03T15:14:20.894Z'),
('a0535c9e-7aa9-4d09-9584-3d0d241ab67d', 'f46ae096-0b17-4f61-bb48-8fb7350b14c8', '2026-04-14T13:30:00.000Z', '2026-04-14T14:30:00.000Z', 5, '2026-03-11T17:42:52.190Z'),
('a920dee4-f0cf-4034-bcb8-9fdc87ba0fcc', '727139de-b8fc-416d-a701-55f6caacf3dc', '2025-08-12T13:00:00.000Z', '2025-08-12T14:00:00.000Z', 5, '2025-07-25T18:27:40.487Z'),
('ab668604-0505-46ba-9ca7-0c8e0f3319ba', '445ba6e9-0c6d-4a47-a857-82cf74de61d3', '2026-01-27T22:30:00.000Z', '2026-01-27T23:30:00.000Z', 5, '2025-12-10T16:26:59.338Z'),
('b356d628-50c3-4c11-a2c6-87c99e747969', '8f2a2036-625c-446c-aa41-730c34b83233', '2025-11-11T15:00:00.000Z', '2025-11-11T16:00:00.000Z', 5, '2025-10-29T17:21:04.610Z'),
('b4be664c-ce03-4d83-a3ab-877c0909cbbe', '045af2f8-6eb3-4a84-a542-d303050194d8', '2026-03-24T22:00:00.000Z', '2026-03-24T23:00:00.000Z', 5, '2026-02-25T17:15:08.681Z'),
('bded97a3-1462-415a-8c5a-0d3a1a0919f6', '045af2f8-6eb3-4a84-a542-d303050194d8', '2026-03-24T21:30:00.000Z', '2026-03-24T22:30:00.000Z', 5, '2026-02-25T17:15:08.631Z'),
('bfcd8708-d603-4ec8-a4a6-225ac071c565', '7347f55b-d67f-41b8-9875-cc6efaa5f5e5', '2025-09-23T22:00:00.000Z', '2025-09-23T23:00:00.000Z', 5, '2025-09-03T15:47:43.658Z'),
('c48039a7-f2f3-45d4-9fc0-d397b7ebc4ec', 'f46ae096-0b17-4f61-bb48-8fb7350b14c8', '2026-04-14T14:00:00.000Z', '2026-04-14T15:00:00.000Z', 5, '2026-03-11T17:42:52.889Z'),
('c8774732-1b2d-4b7e-9c10-3304ae96d40e', '445ba6e9-0c6d-4a47-a857-82cf74de61d3', '2026-01-27T23:00:00.000Z', '2026-01-28T00:00:00.000Z', 5, '2025-12-10T16:26:59.385Z'),
('db5fe9b5-96f6-4e02-a47b-53d6d062013f', '727139de-b8fc-416d-a701-55f6caacf3dc', '2025-08-12T13:45:00.000Z', '2025-08-12T14:45:00.000Z', 5, '2025-07-25T18:27:40.503Z'),
('e198cec4-2801-4cfc-945f-d7cc17a6cd35', '24c0d9a4-eead-42e0-a77b-e6f919ddcf1b', '2025-07-29T22:45:00.000Z', '2025-07-29T23:45:00.000Z', 5, '2025-07-24T15:59:02.663Z'),
('e5baf9f6-869b-4798-9c60-068c753dbb73', '24c0d9a4-eead-42e0-a77b-e6f919ddcf1b', '2025-07-29T21:30:00.000Z', '2025-07-29T22:30:00.000Z', 5, '2025-07-24T15:59:02.642Z'),
('f04fde16-0025-4d38-b1d5-a8fd31976a43', '6e0e29a6-89bd-47a8-b59e-3aef2f7f9534', '2025-10-28T22:00:00.000Z', '2025-10-28T23:00:00.000Z', 5, '2025-10-03T15:14:16.207Z'),
('facf9c75-cc84-4697-afb7-226c250d4d84', '7347f55b-d67f-41b8-9875-cc6efaa5f5e5', '2025-09-23T21:30:00.000Z', '2025-09-23T22:30:00.000Z', 5, '2025-09-03T15:47:43.611Z'),
('ffd88bf5-ec21-48bf-9458-eeac2183728e', '691b9b1c-9933-46f7-9f71-3e2344db419b', '2025-12-09T15:00:00.000Z', '2025-12-09T16:00:00.000Z', 5, '2025-11-12T17:02:39.994Z')
ON CONFLICT ("id") DO NOTHING;

-- loads_of_love_registrations: 79 rows
INSERT INTO "loads_of_love_registrations" ("id", "event_id", "time_slot_id", "name", "email", "phone", "address", "city", "state", "zip_code", "status", "unique_cancel_token", "created_at", "updated_at")
VALUES
('022cdf8e-f699-4632-b69f-63d9d044a598', '445ba6e9-0c6d-4a47-a857-82cf74de61d3', 'c8774732-1b2d-4b7e-9c10-3304ae96d40e', 'Elizabeth Morgan ', 'lidyhuff@gmail.com', NULL, NULL, NULL, NULL, '', 'confirmed', 'f675de8b-dc9c-4fbf-b1a3-200a4f7167bd', '2026-01-23T16:28:40.818Z', '2026-01-27T20:48:28.159Z'),
('0290d9e2-e4cc-43d8-9d51-5945981e7b87', 'e0e1e15d-f32d-489f-aeb1-28348bb31b91', '601a6a31-e2b3-4be0-8051-38fa28168ba4', 'Danny Dennis', 'dannydennis03@gmail.com', '5133354043', '617 East Broadway', 'Harrison', 'OH', '45030', 'confirmed', '34c2cf4f-fbd2-48a0-bc55-8c02876354fe', '2025-11-14T18:56:36.152Z', '2025-11-14T18:56:36.130Z'),
('0b888296-547a-430b-9f27-4a2adcf1c38b', 'ee2e12d4-5b08-4c5c-8122-5ccd54cacb9f', '70035249-ff57-44ad-a8ca-9e9bb823d5b2', 'Kimberly Guy', 'kmbrly1993@yahoo.com', '5133752042', '139 Derby Boulevard', 'Harrison', 'Ohio', '45030', 'confirmed', '8e527c78-4658-4f60-a240-199e15363dee', '2026-01-12T14:57:29.699Z', '2026-01-12T14:57:29.678Z'),
('0b9a5e30-e1fa-4a90-a160-3f44bf59281f', 'ee2e12d4-5b08-4c5c-8122-5ccd54cacb9f', '70035249-ff57-44ad-a8ca-9e9bb823d5b2', 'Nicholas ray bowling', 'juicemanb9@gmail.com', '2832235165', 'Homeless', 'Harrison ', 'OH', '45030', 'confirmed', '18c6d178-68a5-43fa-bdad-4e77ca79c0bf', '2026-01-06T06:42:43.084Z', '2026-01-06T06:42:43.063Z'),
('0cbaed9a-4dd7-4ae7-aead-91343352faf3', 'ee2e12d4-5b08-4c5c-8122-5ccd54cacb9f', '69382cf0-7892-4a18-b3e2-efd9579ec9ad', 'Trina wurzelbacher', 'none@christslovinghands.org', '5137202142', 'Park Ave', 'Harrison', 'OH', '45030', 'confirmed', '3adf90ab-3e23-4559-aabe-b14fc6e66bc9', '2026-01-05T18:11:49.571Z', '2026-01-05T18:11:49.551Z'),
('0e6b417b-84ea-4372-bbe2-256ea64488f6', 'e0e1e15d-f32d-489f-aeb1-28348bb31b91', '2f27e558-9dc7-4646-9068-554c2850e4a4', 'Tracy Sunderhaus', 'isexiemoma@aol.com', NULL, NULL, NULL, NULL, '', 'cancelled', '4ed79dbe-c34c-49b0-b6dc-96adad6bf0e5', '2025-11-23T14:21:17.106Z', '2025-11-25T02:56:50.879Z'),
('14ffc585-f1d1-4944-ad66-21a86db50424', 'acd9d8e5-51b4-4233-a9bf-48776142377d', '9f716ca8-d699-4897-805a-375a5a543021', 'Dan Dennis', 'dannydennis03@icloud.com', '8596303140', '617 east broadway', 'Harrison ', 'OH', '45030', 'confirmed', '8bf0a683-ce0e-4d98-adf8-fd6cd2a0d342', '2026-02-10T23:18:50.995Z', '2026-02-10T23:18:50.974Z'),
('166c6120-fc25-477d-9b56-7d5cea129054', 'ed2683f0-9162-43d0-8e0f-2b4c8d0ef0ac', '876290be-dfb4-4244-bed6-c943bc2e5d19', 'Patty Little', 'pattylittle1352@gmail.com', '5134794531', '1735 morgan road', 'West harrison', 'IN', '47060', 'confirmed', 'a8b6057f-7bba-4c20-950d-c15b2139e8c5', '2026-01-14T20:19:04.054Z', '2026-01-14T20:19:04.032Z'),
('1c9b70fa-24da-4c7b-a8f8-8047381be64b', 'acd9d8e5-51b4-4233-a9bf-48776142377d', '2f48d3bb-470a-48c9-9dee-095dedc9a846', 'Paty Mendoza', 'paolkeni07@gmail.com', '5137801890', '8035 Harrison pike', 'Cincinati', 'OH', '45002', 'confirmed', 'c9d575fc-4eae-4de0-afa6-49df0f13e6f3', '2026-01-29T18:40:44.760Z', '2026-01-29T18:40:44.740Z'),
('1f73da0d-eb60-411a-b3cc-b2d6edb08ddd', 'acd9d8e5-51b4-4233-a9bf-48776142377d', '2f48d3bb-470a-48c9-9dee-095dedc9a846', 'Tanesha Purtee', 'anewbeginning2217@gmail.com', '5134735291', '10900 New Haven Rd', 'Harrison ', 'OH', '45030', 'confirmed', 'a302e8be-3aeb-4c6f-826a-7b866d324e3d', '2026-02-18T09:17:12.267Z', '2026-02-18T09:17:12.246Z'),
('1fdd76bd-feaf-4bb8-b869-f425dd320d9f', '045af2f8-6eb3-4a84-a542-d303050194d8', 'bded97a3-1462-415a-8c5a-0d3a1a0919f6', 'rodney wyatt', 'rodney.wyatt@snhu.edu', '7654172102', '234 lyness ave', 'harrison', 'OH', '45030', 'confirmed', '9116474e-12dc-42ca-bda1-edbf4744fe03', '2026-02-27T22:56:36.001Z', '2026-02-27T22:56:35.982Z'),
('20dfa6ac-3197-424f-a2f6-e533c28565f1', '691b9b1c-9933-46f7-9f71-3e2344db419b', '0440521f-b3e7-4af1-830e-4a40ccd5fe73', 'Rodney Wyatt', 'wyatt4rodney@gmail.com', '(765) 417-2102', '234 Lyness Avenue 147', 'Harrison', 'OH', '45030', 'confirmed', 'd816de3d-42a4-4847-a076-a9f586e6d79e', '2025-12-08T20:14:02.681Z', '2025-12-08T20:14:02.662Z'),
('262945ce-fff2-4cc2-8c3d-ff50a6aea1a1', 'e0e1e15d-f32d-489f-aeb1-28348bb31b91', '2f27e558-9dc7-4646-9068-554c2850e4a4', 'Amy Davis', 'Davisamy564@gmail.com', NULL, NULL, NULL, NULL, '', 'waitlist', '244d974a-85e5-4f1f-94b3-ccf71de6c998', '2025-11-24T17:17:47.475Z', '2025-11-24T17:17:47.453Z'),
('26cf1523-07f0-407f-81d3-6c60f55bf589', '96b46706-b1d4-435b-b41d-42298554fe33', '61589164-0010-4a5d-b8b6-c023eff9736f', 'rodney wyatt', 'rodney.wyatt@snhu.edu', '7654172102', '234 lyness ave', 'HARRISON', 'Ohio', '45030', 'confirmed', '32914e26-6537-4075-a836-ed5bfb719356', '2026-02-27T22:53:07.398Z', '2026-02-27T22:53:07.377Z'),
('360e1042-29db-4133-82bb-890d69175a60', 'e0e1e15d-f32d-489f-aeb1-28348bb31b91', '2f27e558-9dc7-4646-9068-554c2850e4a4', 'Linda j behrens', 'wizbabe2@gmail.com', '5138272078', '10056 sandsky rd', 'Harrison', 'OH', '45030', 'cancelled', '9ca3dbaa-9f5e-4a67-afba-ded5de646e88', '2025-11-21T16:09:43.961Z', '2025-11-25T02:54:32.774Z'),
('36944829-4457-4a50-92a8-2cf71dabdccf', '045af2f8-6eb3-4a84-a542-d303050194d8', 'bded97a3-1462-415a-8c5a-0d3a1a0919f6', 'Patty Little', 'pattylittle1352@gmail.com', '5134794531', '1735 morgan road', 'West harrison', 'IN', '47060', 'confirmed', 'ebf77e5a-8a6d-4c96-97ca-b7ad59ad1b64', '2026-02-26T00:20:00.382Z', '2026-02-26T00:20:00.362Z'),
('386ac766-6497-4c7d-80c1-cd4c40a6cd08', 'ed2683f0-9162-43d0-8e0f-2b4c8d0ef0ac', '503d7736-0b5d-4a4d-beb6-d10b05f502cc', 'Mary Janssens ', 'maryjanssens@yahoo.com', '5135325315', '8510 Lipps Road', 'Guilford ', 'IN', '47060', 'confirmed', '12c4d462-5b85-40b1-aa8b-ea0b7f75cb4e', '2026-02-09T23:32:27.382Z', '2026-02-09T23:32:27.363Z'),
('3cd8319b-71d3-46bb-ae7c-37ab750f78ab', 'e0e1e15d-f32d-489f-aeb1-28348bb31b91', '601a6a31-e2b3-4be0-8051-38fa28168ba4', 'Patty Little', 'pattylittle1352@gmail.com', '5134794531', '1735 morgan road', 'West Harrison', 'IN', '47060', 'confirmed', 'e82cb66d-fb17-4c37-972a-8915b5cf8ae4', '2025-11-14T19:33:04.972Z', '2025-11-14T19:33:04.965Z'),
('3f43edf8-bff2-4138-952e-6798bb2e9336', 'acd9d8e5-51b4-4233-a9bf-48776142377d', '9f716ca8-d699-4897-805a-375a5a543021', 'James Hopkins ', 'rolfamber049@gmail.com', '5133909518', '201 park ave', 'Harrison', 'OH', '45030', 'cancelled', '411ff8c3-7966-41b8-919b-7b97db3272ab', '2026-02-04T02:48:06.828Z', '2026-02-23T15:14:22.742Z'),
('409bc760-81b2-4dae-8465-2f41a1c134c5', '96b46706-b1d4-435b-b41d-42298554fe33', '9b1a0ee8-9dea-4c95-a88f-41830d2e5055', 'Tonia mutter', 'fishingdaily2126@gmail.com', '5024143390', 'Homeless', 'Cleves', 'OH', '45002', 'confirmed', 'ec254e6f-fb60-409a-8f3d-c5a44c70210a', '2026-03-10T02:51:11.180Z', '2026-03-10T02:51:11.160Z'),
('4353544f-c9a6-419c-9f29-28b7678893c1', '96b46706-b1d4-435b-b41d-42298554fe33', '9b1a0ee8-9dea-4c95-a88f-41830d2e5055', 'Daniel peters ', 'raelynmills0@gmail.com', '6146365366', '5110 E Miami River Rd', 'Cleves', 'OH', '45002', 'confirmed', '21f5672e-c248-4ecf-b750-7529afc1bdce', '2026-03-07T00:21:27.401Z', '2026-03-07T00:21:27.381Z'),
('46002df3-25ee-4598-9a0e-1f14ef4c31ad', 'acd9d8e5-51b4-4233-a9bf-48776142377d', '2f48d3bb-470a-48c9-9dee-095dedc9a846', 'Nicholas Ray bowling', 'juicemanb9@gmail.com', '(812) 302-8677', 'Homeless', 'Harrison ', 'OH', '45030', 'confirmed', '2bd01795-909a-4f45-a46d-f0da86acbf2a', '2026-02-21T18:22:32.385Z', '2026-02-21T18:22:32.362Z'),
('4854413c-4bbe-49c1-ae65-7b7b56c199ac', '445ba6e9-0c6d-4a47-a857-82cf74de61d3', 'ab668604-0505-46ba-9ca7-0c8e0f3319ba', 'Dee lawson ', 'deeisawesome40@gmail.com', '6562365189', '8750 new haven road ', 'Harrison ', 'OH', '45030', 'confirmed', '75283eb4-24b8-489b-bf27-27d6744900dd', '2026-01-23T07:06:43.436Z', '2026-01-23T07:06:43.416Z'),
('4a46d6cb-5519-4622-bbea-91d296c1fc3d', '96b46706-b1d4-435b-b41d-42298554fe33', '9b1a0ee8-9dea-4c95-a88f-41830d2e5055', ' Christine Bowling', 'hyggehomesteader@gmail.com', '8126556560', '10075 Flora', 'Harrison', 'OH', '45030', 'confirmed', '644d7094-6ba6-4bf3-aaea-908a3ca591c5', '2026-03-10T01:38:56.275Z', '2026-03-10T01:38:56.252Z'),
('50dcfa67-5c72-4f28-ae3b-ecce404e6efd', 'e0e1e15d-f32d-489f-aeb1-28348bb31b91', '2f27e558-9dc7-4646-9068-554c2850e4a4', 'Shannon Matthews', 'shannonmatthews7376@gmail.com', '5135576560', '10901 Shaker Point Way Apt 6', 'Harrison', 'OH', '45030', 'cancelled', '785d5316-a735-4b28-8fe2-c2ca4ff782a7', '2025-11-22T07:00:42.568Z', '2025-11-26T05:28:18.620Z'),
('5710eda8-40c6-4629-8d45-3006e3335626', '045af2f8-6eb3-4a84-a542-d303050194d8', 'bded97a3-1462-415a-8c5a-0d3a1a0919f6', 'Melissa Renae Riebel', 'melissariebel658@gmail.com', '5137809352', '706 east.st apt 3', 'Harrison', 'Ohio', '45030', 'confirmed', '19fbff30-2073-44eb-9c94-9611479ba0c5', '2026-03-02T10:28:57.830Z', '2026-03-02T10:28:57.810Z'),
('57e1a850-61ab-4fc7-94d4-5a5c578e1586', '445ba6e9-0c6d-4a47-a857-82cf74de61d3', 'ab668604-0505-46ba-9ca7-0c8e0f3319ba', 'BRITTANY MERRELL', 'brittanykay31317@icloud.com', '5135960337', '31 Baltimore Place', 'Harrison', 'OH', '45030', 'confirmed', 'd345eb1b-67b4-4dbb-8922-87b6cbf46090', '2025-12-24T03:15:58.752Z', '2025-12-24T03:15:58.730Z'),
('5c508436-ff71-46f4-bd10-e3fd11e9f805', '445ba6e9-0c6d-4a47-a857-82cf74de61d3', 'c8774732-1b2d-4b7e-9c10-3304ae96d40e', 'Jennifer Callaway', 'iujenny99@yahoo.com', '5138825311', '8510 Lipps Road', 'Guilford ', 'In', '47060', 'cancelled', 'd29809a6-4185-4d18-bc9d-fc15f4dfc7f6', '2025-12-11T12:37:08.896Z', '2026-01-27T15:20:53.460Z'),
('5c8ec353-e6c8-4715-9d45-fff30f833ad4', 'ed2683f0-9162-43d0-8e0f-2b4c8d0ef0ac', '876290be-dfb4-4244-bed6-c943bc2e5d19', 'Jennifer Callaway', 'iujenny99@yahoo.com', '5138825311', '8510 Lipps Road', 'Guilford', 'In', '47060', 'confirmed', 'a5fc5405-0fb1-46df-9a43-2984ca90a66f', '2026-01-15T13:03:21.446Z', '2026-01-15T13:03:21.426Z'),
('5d856ff1-5106-4c89-8ffc-34d0e703f054', '445ba6e9-0c6d-4a47-a857-82cf74de61d3', 'c8774732-1b2d-4b7e-9c10-3304ae96d40e', 'Mary Janssens', 'maryjanssens@yahoo.com', '5135325315', '8510 Lipps road', 'Guilford ', 'In', '47060', 'cancelled', 'df7f5473-e463-410e-a317-8e45585597f9', '2025-12-11T12:38:16.102Z', '2026-01-27T18:59:35.541Z'),
('5fd8fe96-1aed-4a87-94b8-3ce5a8efd258', '691b9b1c-9933-46f7-9f71-3e2344db419b', 'ffd88bf5-ec21-48bf-9458-eeac2183728e', 'christine bowling', 'hyggehomesteader@gmail.com', '8126556560', '10075 flira', 'harrison', 'OH', '45030', 'confirmed', 'b6257fbd-af69-4ca4-b1e3-308d956c39ed', '2025-12-02T05:24:11.697Z', '2025-12-02T05:24:11.676Z'),
('615ca065-9abc-4042-92ba-1e18c9cffafd', 'e0e1e15d-f32d-489f-aeb1-28348bb31b91', '2f27e558-9dc7-4646-9068-554c2850e4a4', 'Avinash Ch', 'ackc82101@yahoo.com', NULL, NULL, NULL, NULL, '', 'cancelled', 'ef325ed5-13ef-4d3a-877e-a053943b8def', '2025-11-24T08:00:14.164Z', '2025-11-24T08:30:02.214Z'),
('672f9452-464e-47d8-9ef1-cf6788034c2f', 'acd9d8e5-51b4-4233-a9bf-48776142377d', '2f48d3bb-470a-48c9-9dee-095dedc9a846', 'Elizabeth Morgan ', 'lidyhuff@gmail.com', '5132399008', '209 South State Street ', 'West Harrison Indiana ', 'Indiana ', '47060', 'confirmed', 'd890274f-4d1e-4644-9495-0825725544a5', '2026-02-06T06:03:27.409Z', '2026-02-06T06:03:27.389Z'),
('6ed35036-c44d-469f-aef9-b972905fc75c', '445ba6e9-0c6d-4a47-a857-82cf74de61d3', 'ab668604-0505-46ba-9ca7-0c8e0f3319ba', 'Paty Mendoza', 'paolkeni07@gmail.com', '5137801890', '8035 Harrison pike', 'Cincinati', 'OH', '45002', 'confirmed', '0405707c-3e34-425a-a8f3-21a45165771b', '2026-01-27T15:50:49.583Z', '2026-01-27T15:50:49.564Z'),
('7361145a-e748-45a5-b534-efb0cedd2e19', 'ee2e12d4-5b08-4c5c-8122-5ccd54cacb9f', '69382cf0-7892-4a18-b3e2-efd9579ec9ad', 'Shawn Whitt', 'none@christslovinghands.org', '5136355313', 'Homeless', 'Harrison', 'OH', '45030', 'confirmed', 'da8767ec-8af0-4e5a-8704-42c431bc0abe', '2026-01-09T14:40:17.776Z', '2026-01-09T14:40:17.756Z'),
('73c1557c-6062-4101-8db7-f7c80cd72b28', '691b9b1c-9933-46f7-9f71-3e2344db419b', 'ffd88bf5-ec21-48bf-9458-eeac2183728e', 'Patty Little', 'pattylittle1352@gmail.com', '5134794531', '1735 morgan road', 'West harrison', 'IN', '47060', 'confirmed', '755dfa63-d82b-4084-8c67-5897f324ba13', '2025-11-13T15:22:48.209Z', '2025-11-13T15:22:48.190Z'),
('7a34ef08-f4df-4fc2-bd1e-f13e1072598e', '96b46706-b1d4-435b-b41d-42298554fe33', '9b1a0ee8-9dea-4c95-a88f-41830d2e5055', 'Robert Mays', 'coocoo2126@gmail.com', '6146365366', '5110 East Miami River road ', 'Cleves', 'OH', '45002', 'confirmed', '3c302e65-5a5e-4172-8db3-81ae3aff22b5', '2026-03-07T00:18:33.926Z', '2026-03-07T00:18:33.906Z'),
('7b40c456-0bbb-426c-86b5-7219f3a9b174', '96b46706-b1d4-435b-b41d-42298554fe33', '9b1a0ee8-9dea-4c95-a88f-41830d2e5055', 'Tonia mutter ', 'rihannacarter2126@gmail.com', '5024143390', '5110 E Miami River Rd', 'Cleves', 'OH', '45002', 'cancelled', '6af61de3-607b-4a3d-9aa9-19c26f4e85ef', '2026-03-07T00:21:57.057Z', '2026-03-09T14:51:45.311Z'),
('7b7487a2-26d9-4bdc-aa16-ac2ff9f76a50', 'f46ae096-0b17-4f61-bb48-8fb7350b14c8', 'a0535c9e-7aa9-4d09-9584-3d0d241ab67d', 'Patty Little', 'pattylittle1352@gmail.com', '5134794531', '1735 morgan road', 'West harrison', 'IN', '47060', 'confirmed', 'bf303c43-e317-4207-a5c6-108a5179d337', '2026-03-13T23:23:39.517Z', '2026-03-13T23:23:39.497Z'),
('7e5d7f13-7c13-4e03-a0a9-69988a163859', '445ba6e9-0c6d-4a47-a857-82cf74de61d3', 'ab668604-0505-46ba-9ca7-0c8e0f3319ba', 'Amy L Evers', 'a6evers@hotmail.com', '5134789157', '106 Deerhorn Drive', 'Harrison', 'OH', '45030', 'cancelled', 'bc363b7b-4d62-4262-9b51-2638bda05ea3', '2026-01-21T18:50:19.601Z', '2026-01-27T17:29:58.308Z'),
('8558ed14-0df6-40d5-8def-fa6f0c8c9cb2', 'acd9d8e5-51b4-4233-a9bf-48776142377d', '9f716ca8-d699-4897-805a-375a5a543021', 'Jennifer Callaway', 'iujenny99@yahoo.com', '5138825311', '8510 Lipps Road', 'Guilford ', 'IN', '47060', 'confirmed', '7d3b25a2-016d-4d23-9e5b-0597a9fb8d48', '2026-01-29T14:49:45.370Z', '2026-01-29T14:49:45.349Z'),
('866c6b58-2a7c-48ad-aaa9-0a1d95844ae2', 'e0e1e15d-f32d-489f-aeb1-28348bb31b91', '2f27e558-9dc7-4646-9068-554c2850e4a4', 'Cassandra Henry', 'henrycassie22@gmail.com', ' 5136096089', '10751 Harrison Avenue', 'Harrison', 'OH', '45030', 'no-show', '521215dc-e47f-4df6-9be7-41c86b0e9a4d', '2025-11-14T19:30:28.413Z', '2025-11-26T18:11:45.681Z'),
('868b0471-ffc3-4476-bf27-c86ed790ccd3', '96b46706-b1d4-435b-b41d-42298554fe33', '61589164-0010-4a5d-b8b6-c023eff9736f', 'Jennifer Callaway', 'iujenny99@yahoo.com', '5138825311', '8510 Lipps Road ', 'Guilford', 'INDIANA', '47060', 'confirmed', '7a816907-2d61-4d44-a5ec-fd0a6cbc52e4', '2026-02-25T01:18:54.804Z', '2026-02-25T01:18:54.785Z'),
('87c6cb39-d0cd-4fca-8050-b0257eda3a5a', '045af2f8-6eb3-4a84-a542-d303050194d8', 'b4be664c-ce03-4d83-a3ab-877c0909cbbe', 'Patricia Mendoza', 'paolkeni07@gmail.com', '5137801890', '8035 harrison pike', 'Cincinati', 'OH', '45002', 'confirmed', '0dc328fc-457e-4146-a4af-3f50d303dfb1', '2026-03-02T16:06:10.609Z', '2026-03-02T16:06:10.590Z'),
('882471b6-ace3-4c43-83b4-358c3a804c35', 'ee2e12d4-5b08-4c5c-8122-5ccd54cacb9f', '70035249-ff57-44ad-a8ca-9e9bb823d5b2', 'Jennifer Callaway', 'iujenny99@yahoo.com', '5138825311', '8510 Lipps Road ', 'Guilford ', 'IN', '47060', 'confirmed', '97d68d2b-1c4f-46f0-ae44-1c51b2ed31e6', '2025-12-11T12:35:27.324Z', '2025-12-11T12:35:27.305Z'),
('8ae8ecfe-3aea-405d-8f1c-e7013f44d920', 'ee2e12d4-5b08-4c5c-8122-5ccd54cacb9f', '69382cf0-7892-4a18-b3e2-efd9579ec9ad', 'Jared M Crawley', 'jcraw2000@outlook.com', '8127166154', '10977 Lincoln Ave Trl 1', 'North Bend', 'OH', '45052', 'confirmed', '35d3f13e-fb7c-46d5-b05e-a0505a42fe39', '2026-01-05T20:09:24.400Z', '2026-01-05T20:09:24.379Z'),
('8b7265b5-c304-4826-b8a1-f35d3aef0ef3', 'ee2e12d4-5b08-4c5c-8122-5ccd54cacb9f', '70035249-ff57-44ad-a8ca-9e9bb823d5b2', 'Patty Little', 'pattylittle1352@gmail.com', '5134794531', '1735 morgan road', 'West harrison', 'IN', '47060', 'confirmed', '646f36f6-0ea7-45e9-b50c-34403463195c', '2025-12-10T21:05:08.358Z', '2025-12-10T21:05:08.339Z'),
('8dfd2a68-5625-436f-8c1f-151cf69b8c67', 'ed2683f0-9162-43d0-8e0f-2b4c8d0ef0ac', '876290be-dfb4-4244-bed6-c943bc2e5d19', 'Trina', 'none@christslovinghands.org', '5136355313', 'Broadway', 'Harrison', 'OH', '45030', 'confirmed', 'fec4f804-2fa5-410a-8c15-2a4b78e73916', '2026-02-02T16:38:44.745Z', '2026-02-02T16:38:44.726Z'),
('8f4b22e1-43e2-4a7d-b4f5-5af49586ed2b', 'e0e1e15d-f32d-489f-aeb1-28348bb31b91', '601a6a31-e2b3-4be0-8051-38fa28168ba4', ' Mary Janssens', 'maryjanssens@yahoo.com', ' 5135325315', ' 8510 Lipps road', 'Guilford', 'IN', '47060', 'confirmed', 'f4d3fce2-0656-458f-a926-1e1b86744717', '2025-11-14T19:31:28.803Z', '2025-11-14T19:31:28.793Z'),
('9333f172-78bd-414f-a860-f46481177419', 'ee2e12d4-5b08-4c5c-8122-5ccd54cacb9f', '70035249-ff57-44ad-a8ca-9e9bb823d5b2', 'Mary Janssens ', 'maryjanssens@yahoo.com', '5135325315', '8510 lips road ', 'Guilford ', 'In', '47060', 'confirmed', '0ac6aad7-3a9e-4f94-9b04-fc8e25359cf4', '2025-12-11T12:36:24.006Z', '2025-12-11T12:36:23.987Z'),
('962542e5-4d3c-4d1a-9420-166ab41df284', 'ee2e12d4-5b08-4c5c-8122-5ccd54cacb9f', '69382cf0-7892-4a18-b3e2-efd9579ec9ad', 'Carla Black', 'carlablack400@gmail.com', '5136355313', 'Homeless', 'Harrison', 'OH', '45030', 'confirmed', '91486442-8978-4f1d-8134-189660349236', '2026-01-09T14:37:58.452Z', '2026-01-09T14:37:58.430Z'),
('9827d5a9-ace5-4edd-b0a5-3b0e74d5c163', 'ed2683f0-9162-43d0-8e0f-2b4c8d0ef0ac', '876290be-dfb4-4244-bed6-c943bc2e5d19', 'Kimberly Guy', 'kmbrly1993@yahoo.com', '5133752042', '139 Derby Boulevard', 'Harrison', 'Ohio', '45030', 'confirmed', 'e51d0290-f0eb-4905-8e46-87ca559b9b82', '2026-02-08T18:55:49.253Z', '2026-02-08T18:55:49.234Z'),
('991222ea-59af-447c-ad72-c9e510f75bd9', '445ba6e9-0c6d-4a47-a857-82cf74de61d3', 'c8774732-1b2d-4b7e-9c10-3304ae96d40e', 'Patty Little', 'pattylittle1352@gmail.com', '5134794531', '1735 morgan road', 'West harrison', 'IN', '47060', 'confirmed', 'f28bbf37-5e42-4cfc-987c-e9a82e08515e', '2025-12-12T00:47:09.955Z', '2025-12-12T00:47:09.936Z'),
('a68442c4-726a-4670-be6f-fead5c95a7ef', '691b9b1c-9933-46f7-9f71-3e2344db419b', 'ffd88bf5-ec21-48bf-9458-eeac2183728e', 'Mary Janssens ', 'maryjanssens@gmail.com', '5135325315', '8510 Lipps Road', 'Guilford ', 'IN', '47060', 'confirmed', 'a85b01c6-38d4-4f52-bfc9-5809b4d23024', '2025-11-13T12:48:06.144Z', '2025-11-13T12:48:06.124Z'),
('a73bfd3a-b384-4ce3-9e28-02268cd9f29d', '445ba6e9-0c6d-4a47-a857-82cf74de61d3', 'c8774732-1b2d-4b7e-9c10-3304ae96d40e', 'Tim hammitt ', 'deeisawesome40@gmail.com', '5134995987', '5570 butterfly lane', 'Harrison ', 'OH', '45030', 'confirmed', 'f4770c7e-a7cf-47cb-98ef-5e2d4c9120be', '2026-01-23T07:08:42.026Z', '2026-01-23T07:08:42.006Z'),
('a924c8fa-2899-493e-b023-613ff9ed290d', '445ba6e9-0c6d-4a47-a857-82cf74de61d3', 'c8774732-1b2d-4b7e-9c10-3304ae96d40e', 'Danielle Peters', 'dmp5881@gmail.com', '5139152361', '5110 E Miami River Rd', 'Cleves', 'OH', '45002', 'confirmed', '3743be26-489b-44b3-935b-f70c67e4fbc5', '2026-01-17T18:07:50.823Z', '2026-01-17T18:07:50.802Z'),
('abe8eaf4-b889-442f-9e37-8407f35c53e8', '691b9b1c-9933-46f7-9f71-3e2344db419b', '0440521f-b3e7-4af1-830e-4a40ccd5fe73', 'Kelsey Byess', 'kelseybyess@yahoo.com', '5132085226', '5942 Konga Drive', 'Cleves', 'OH', '45002', 'no-show', '78d1b9ce-abe9-49ee-acf8-30272acaca4d', '2025-11-21T15:17:36.417Z', '2025-12-12T16:38:25.733Z'),
('b167b828-7754-4b3a-9412-0a842d54922c', 'e0e1e15d-f32d-489f-aeb1-28348bb31b91', '2f27e558-9dc7-4646-9068-554c2850e4a4', 'Amanda Rowland', 'ajr090515@gmail.com', '5138828012', '3531 Wayne Ave', 'North Bend', 'OH', '45052', 'confirmed', 'e150b83d-88d1-42cc-bdfb-57b0c04556a4', '2025-11-25T13:20:37.140Z', '2025-11-25T13:20:37.122Z'),
('b4112e5a-85b4-4225-8931-0e4ee8fc7b2d', '691b9b1c-9933-46f7-9f71-3e2344db419b', 'ffd88bf5-ec21-48bf-9458-eeac2183728e', 'Rhonda Sutton', 'rhondasutton777@gmail.com', '2832292003', '5324 Lawrenceburg Rd.', 'Harrison', 'OH', '45030', 'cancelled', '337c0ac1-f2d2-4b10-bbc9-46b696e00971', '2025-12-04T22:00:27.456Z', '2025-12-09T13:34:29.966Z'),
('b56a3642-a26a-4454-93b2-f08e1b36554f', '691b9b1c-9933-46f7-9f71-3e2344db419b', '0440521f-b3e7-4af1-830e-4a40ccd5fe73', 'Tracy Sunderhaus', 'isexiemoma@aol.com', '5132906065', '325 N Jefferson ', 'Harrison', 'OH', '45030', 'confirmed', 'aa24064f-d1ad-4b44-a1bc-be62b0090ea6', '2025-11-23T14:20:35.946Z', '2025-11-23T14:20:35.926Z'),
('b5abc105-1098-4bf4-9165-140d32af88bc', 'e0e1e15d-f32d-489f-aeb1-28348bb31b91', '601a6a31-e2b3-4be0-8051-38fa28168ba4', 'Melina roberts', 'melinajones16@gmail.com', '5132383225', '1118 tall oaks cirxl', 'Harrison', 'OH', '45030', 'confirmed', '1e6a50f2-0c89-4561-8c8a-15f18fd98806', '2025-11-21T15:45:15.007Z', '2025-11-21T15:45:14.989Z'),
('c455a4cd-0a0e-4033-ad58-1a8e65049896', '445ba6e9-0c6d-4a47-a857-82cf74de61d3', 'ab668604-0505-46ba-9ca7-0c8e0f3319ba', 'Jared M Crawley', 'jcraw2000@outlook.com', '8127166154', '10977 Lincoln ave Trl 1', 'North Bend', 'OH', '45052', 'confirmed', '3c2b9ea0-0acb-45aa-b7aa-36c015adb162', '2026-01-05T20:10:45.315Z', '2026-01-05T20:10:45.294Z'),
('c517083f-f809-45dd-8980-7fb59c724e1a', 'acd9d8e5-51b4-4233-a9bf-48776142377d', '9f716ca8-d699-4897-805a-375a5a543021', 'Lola akers', 'beautimite1983@gmail.com', '5137123505', '405 park ave', 'Harrison ', 'OH', '45030', 'confirmed', '7cbdad0b-ec2f-4e76-948d-90caf2afd907', '2026-02-10T16:33:36.791Z', '2026-02-10T16:33:36.772Z'),
('cb1fad44-e182-4035-8540-ee7077c6232b', '445ba6e9-0c6d-4a47-a857-82cf74de61d3', 'ab668604-0505-46ba-9ca7-0c8e0f3319ba', 'DoigbNewport', 'sdouglasnewport@gmail.com', '5133713368', '391 Comfort Drive', 'Harrison', 'Ohio', '45030', 'cancelled', '30f01c91-507e-4f3d-bb01-590d065dd061', '2026-01-21T04:42:02.175Z', '2026-01-24T20:39:55.333Z'),
('cf905c04-7658-4a90-be10-262b333a389e', 'ed2683f0-9162-43d0-8e0f-2b4c8d0ef0ac', '876290be-dfb4-4244-bed6-c943bc2e5d19', 'James Hopkins ', 'rolfamber049@gmail.com', '5133909518', '201 park ave', 'Harrison', 'OH', '45030', 'cancelled', 'b346c535-7ea2-442c-a2cd-7426038298f3', '2026-02-04T02:46:39.754Z', '2026-02-04T04:22:37.798Z'),
('cffba5eb-a63b-4032-b18c-aec5721e2493', '96b46706-b1d4-435b-b41d-42298554fe33', '61589164-0010-4a5d-b8b6-c023eff9736f', 'Kimberly Guy', 'kmbrly1993@yahoo.com', '5133752042', '139 Derby Boulevard', 'Harrison', 'Ohio', '45030', 'confirmed', '2dc1d0d5-14fa-40eb-a214-00f919c9b5d4', '2026-03-09T21:58:05.491Z', '2026-03-09T21:58:05.471Z'),
('d5f97598-8b69-4579-8537-fd500557b475', 'e0e1e15d-f32d-489f-aeb1-28348bb31b91', '2f27e558-9dc7-4646-9068-554c2850e4a4', 'Sonya L Rusell', 'sonyalynn2010@yahoo.com', '5133707350', '318 Whitewater Drive', 'Harrison', 'OH', '45030', 'confirmed', 'f31fd57d-740c-43e6-b7ce-6d1aa5e2dfd3', '2025-11-21T21:28:02.052Z', '2025-11-21T21:28:02.032Z'),
('d63d0008-a85a-45c1-bf38-78b0937f6ced', '691b9b1c-9933-46f7-9f71-3e2344db419b', 'ffd88bf5-ec21-48bf-9458-eeac2183728e', 'Jennifer Callaway', 'iujenny99@yahoo.com', '5138825311', '8510 Lipps Road ', 'Guilford ', 'In', '47060', 'confirmed', 'b09fdcf8-5803-4c9a-a592-b5263c70ae3f', '2025-11-13T12:45:17.391Z', '2025-11-13T12:45:17.368Z'),
('d8322341-50d0-49c0-b7ae-77358c412c1e', '96b46706-b1d4-435b-b41d-42298554fe33', '61589164-0010-4a5d-b8b6-c023eff9736f', 'Patty Little', 'pattylittle1352@gmail.com', '5134794531', '1735 morgan road', 'West harrison', 'IN', '47060', 'confirmed', '89ca9d07-f48f-4398-9c46-ae2acc88f061', '2026-02-11T20:20:30.048Z', '2026-02-11T20:20:30.028Z'),
('e2bc969b-a5c3-420e-958b-9da35f8cec7e', '96b46706-b1d4-435b-b41d-42298554fe33', '9b1a0ee8-9dea-4c95-a88f-41830d2e5055', 'Danielle peters', 'danielle.m.peters89@gmail.com', '5139152361', '5009 East Miami River rd', 'Cleves ', 'OH', '45002', 'confirmed', 'c362e824-3d85-4116-8211-5c7f9d4df696', '2026-03-07T00:20:35.135Z', '2026-03-07T00:20:35.115Z'),
('e2f150b8-1b8c-44a7-a484-0c05f38d656a', 'e0e1e15d-f32d-489f-aeb1-28348bb31b91', '2f27e558-9dc7-4646-9068-554c2850e4a4', ' Trina Wurzelbacher', 'tc1trina@gmail.com', '5137202142', '413 High St', 'Harrison', 'OH', '45030', 'confirmed', '41213e02-6987-4859-b9b3-0c2ab1f59260', '2025-11-21T14:47:34.305Z', '2025-11-21T14:47:34.284Z'),
('eaba6c50-c573-42aa-ac06-eb72a7ac50b6', 'acd9d8e5-51b4-4233-a9bf-48776142377d', '2f48d3bb-470a-48c9-9dee-095dedc9a846', 'Trina Wurzelbacher + Carla Black', 'carlablack400@gmail.com', '(513) 635-5313', '413 High St', 'Harrison', 'OH', '45030', 'confirmed', '54c8ed78-37a7-48a7-8e45-09939621b7f1', '2026-02-18T16:32:21.946Z', '2026-02-18T16:32:21.921Z'),
('ed3b0e6f-087a-493a-a16e-04124f077200', 'ed2683f0-9162-43d0-8e0f-2b4c8d0ef0ac', '876290be-dfb4-4244-bed6-c943bc2e5d19', 'Carla Black', 'carlablack400@gmail.com', '5136355313', 'Homeless', 'Harrison', 'OH', '45030', 'confirmed', '59ecf3f2-54a9-4d3e-bea6-6a952aa95b80', '2026-02-02T16:38:02.125Z', '2026-02-02T16:38:02.105Z'),
('ed78bdbc-bdf7-485a-9795-d53ee050fb4c', '96b46706-b1d4-435b-b41d-42298554fe33', '61589164-0010-4a5d-b8b6-c023eff9736f', 'Carla Black + Trina Wurzelbacher', 'carlablack500@gmail.com', '(513) 720-2142', '413 High St.', 'Harrison', 'OH', '45030', 'confirmed', 'ffd77ec5-6374-425c-8377-579ecad70684', '2026-03-04T19:09:52.021Z', '2026-03-04T19:09:52.000Z'),
('f490f352-f329-4fef-a7c8-b35b5cba423f', 'acd9d8e5-51b4-4233-a9bf-48776142377d', '9f716ca8-d699-4897-805a-375a5a543021', 'Patty Little', 'pattylittle1352@gmail.com', '5134794531', '1735 morgan road', 'West harrison', 'IN', '47060', 'confirmed', 'f9a3ee5d-04f3-400a-bae9-000eaeef4a8a', '2026-01-29T14:45:35.285Z', '2026-01-29T14:45:35.265Z'),
('f4e1d847-736e-43b9-966b-3257f49cef28', '691b9b1c-9933-46f7-9f71-3e2344db419b', '0440521f-b3e7-4af1-830e-4a40ccd5fe73', 'Neeley Humphrey', 'neelhumphrey259@gmail.com', '5134485144', '8173 West Mill Street', 'Cleves', 'OH', '45002', 'cancelled', 'a8e694f3-689a-48c8-8f3a-ea484a6ce878', '2025-11-21T18:51:37.383Z', '2025-12-09T06:59:02.610Z'),
('f5d3c9f4-0041-4cdc-bb5e-ebd3844eed93', '691b9b1c-9933-46f7-9f71-3e2344db419b', '0440521f-b3e7-4af1-830e-4a40ccd5fe73', 'Trina Wurzelbacher', 'pc1trina@gmail.com', '5137202142', '413 high St', 'Harrsion', 'OH', '45030', 'confirmed', '8fa0340f-e3e5-4af3-a861-533b4dcc2781', '2025-12-08T17:51:27.131Z', '2025-12-08T17:51:27.112Z'),
('ff44e4a0-b27c-4ccf-ab23-0fbac829a847', 'ee2e12d4-5b08-4c5c-8122-5ccd54cacb9f', '69382cf0-7892-4a18-b3e2-efd9579ec9ad', 'Jasmine Tincher ', 'jasminereneetincher@gmail.com', '5132546834', '52 Branch Hill Drive', 'Harrison', 'OH', '45030', 'confirmed', '51e77358-1477-4c5f-a6bc-fae38aeb42ba', '2026-01-06T23:04:52.845Z', '2026-01-06T23:04:52.825Z'),
('ffba9224-de44-4336-9621-a314d2084c7b', 'e0e1e15d-f32d-489f-aeb1-28348bb31b91', '601a6a31-e2b3-4be0-8051-38fa28168ba4', 'Jennifer Callaway', 'iujenny99@yahoo.com', '5138825311', '8510 Lipps Road', 'Guilford', 'In', '47060', 'confirmed', '674110e2-556d-43ce-8f6d-e7e39c5ba764', '2025-11-14T19:32:18.482Z', '2025-11-14T19:32:18.471Z')
ON CONFLICT ("id") DO NOTHING;

-- loads_of_love_blacklist: 12 rows
INSERT INTO "loads_of_love_blacklist" ("id", "name", "email", "phone", "reason", "created_at")
VALUES
('2aadd6ec-b8b5-4a56-aa64-363a08a1d090', 'Cassandra Henry', 'henrycassie22@gmail.com', ' 5136096089', 'No-show for event on 11/25/2025', '2025-11-26T18:11:45.752Z'),
('34ff5278-b7e9-4505-99c4-39a80e6cdeff', 'Katherine Crowder', 'katiecrowder059@gmail.com', '5133250035', 'No Call, no show', '2025-07-25T19:42:21.245Z'),
('357e13fc-1d28-44d8-88d3-b3279896c514', 'Rhonda Nicole McKinley', 'rmckinley15@ivytech.edu', '8127412010', 'No-show for event on 8/26/2025', '2025-09-03T15:46:48.634Z'),
('4f2225cd-be66-4194-bae6-cdf1de397419', 'Christopher Huff', 'chrishuff41@gmail.com', '(513) 756-5512', 'No-show for event on 7/29/2025', '2025-07-30T16:13:27.546Z'),
('7d381e75-9668-4a09-944d-0e099f6968b4', 'Anna Lewis', 'peggylewis1922@gmail.com', '5126962603', 'No call, no show', '2025-07-25T19:42:42.825Z'),
('9ae7339c-9942-44b5-ae52-2f7d1d030c08', 'Sommer Wright', 'sommergirl69@gmail.com', '5135147166', 'No-show for event on 8/26/2025', '2025-09-03T15:47:13.550Z'),
('ac0c6ed0-3432-4d80-8239-801a2aaa36cd', 'Elizabeth Morgan', 'huffc461@gmail.com', '5132146880', 'No call, no show', '2025-07-25T19:43:11.432Z'),
('b20fff59-66e6-4512-9f15-88f7b190b594', 'Chris huff', 'huffchris970@gmail.com', '5133653865', 'No-show for event on 10/28/2025', '2025-10-29T17:40:05.565Z'),
('baa09e43-77bd-4064-9d71-37eb96d5d53c', 'Rita Crowder', 'bestmommy80@gmail.com', '5137205988', 'No call, no show', '2025-07-25T19:41:56.584Z'),
('bd4a7da0-6f78-4423-8706-6db125082c49', 'Kelsey Byess', 'kelseybyess@yahoo.com', '5132085226', 'No-show for event on 12/9/2025', '2025-12-12T16:38:25.800Z'),
('c4fc074f-02c1-4080-a4ab-fb2381aba9a7', 'Kennedey Evans', 'kennedeyevans9813@gmail.com', '5135719777', 'No-show for event on 9/9/2025', '2025-09-09T15:24:48.006Z'),
('e8c538c9-9edd-4630-98aa-a0d6ffc644be', 'Jennifer Lewis', 'jenleann428@gmail.com', '5136962603', 'No-show for event on 10/28/2025', '2025-10-29T17:40:00.948Z')
ON CONFLICT ("id") DO NOTHING;

-- loads_of_love_email_reminders: 121 rows
INSERT INTO "loads_of_love_email_reminders" ("id", "registration_id", "reminder_type", "sent_at")
VALUES
('03ee7698-bb6f-4b6f-8830-bc6150a780d7', '73c1557c-6062-4101-8db7-f7c80cd72b28', 'day-before', '2025-12-08T15:28:13.224Z'),
('05c18735-99f5-48e3-82d1-df565caee307', 'ed3b0e6f-087a-493a-a16e-04124f077200', 'evening-before', '2026-02-09T23:26:04.092Z'),
('0b21d3cd-3197-49ff-a79b-35c883825c5c', '26cf1523-07f0-407f-81d3-6c60f55bf589', 'evening-before', '2026-03-09T22:19:46.225Z'),
('0c03a183-cddc-4522-b7b0-0945d95df3fd', '882471b6-ace3-4c43-83b4-358c3a804c35', 'day-before', '2026-01-12T14:20:19.017Z'),
('0d6d61eb-efcd-4215-908f-574a532bf621', 'c455a4cd-0a0e-4033-ad58-1a8e65049896', 'day-before', '2026-01-26T20:10:19.983Z'),
('0e0f4441-8afd-4138-bf5d-87ee828876e7', 'f490f352-f329-4fef-a7c8-b35b5cba423f', 'day-before', '2026-02-23T19:05:08.517Z'),
('13ca388e-9618-4ab1-a6fb-43cfe02db1a1', 'f4e1d847-736e-43b9-966b-3257f49cef28', 'day-before', '2025-12-08T15:28:12.924Z'),
('1791af61-3f2a-4bdf-b076-64e47db4947f', 'c455a4cd-0a0e-4033-ad58-1a8e65049896', 'morning-of', '2026-01-27T17:15:23.090Z'),
('219e0003-b966-4f71-97b9-5402d7121d6f', '866c6b58-2a7c-48ad-aaa9-0a1d95844ae2', 'morning-of', '2025-11-25T17:03:34.558Z'),
('23526988-db6c-4212-aeeb-cfa972a7f428', '360e1042-29db-4133-82bb-890d69175a60', 'day-before', '2025-11-24T18:59:23.750Z'),
('23b7734d-a573-45de-9c0c-b9914d7c61bb', '5c508436-ff71-46f4-bd10-e3fd11e9f805', 'day-before', '2026-01-26T20:09:57.084Z'),
('2427fe25-1845-4d3c-8c02-38bd07b590d5', '5fd8fe96-1aed-4a87-94b8-3ce5a8efd258', 'day-before', '2025-12-08T15:28:12.628Z'),
('2652515b-45dc-4ce4-9d1d-63c70b195925', 'a68442c4-726a-4670-be6f-fead5c95a7ef', 'evening-before', '2025-12-08T23:29:42.290Z'),
('2741da37-711b-43d0-a342-424fdc766307', 'eaba6c50-c573-42aa-ac06-eb72a7ac50b6', 'day-before', '2026-02-23T19:05:10.852Z'),
('28a7a6ea-b402-46d7-8ca6-d6e547e44f87', '9333f172-78bd-414f-a860-f46481177419', 'day-before', '2026-01-12T14:20:17.817Z'),
('2908144c-bf8f-41d5-9ffc-fbe8b67b2128', '386ac766-6497-4c7d-80c1-cd4c40a6cd08', 'evening-before', '2026-02-10T00:28:32.576Z'),
('2ac9bc92-0c49-4e2b-b576-4225406491e0', 'd63d0008-a85a-45c1-bf38-78b0937f6ced', 'day-before', '2025-12-08T15:28:13.531Z'),
('2d0c2fb8-1491-4296-905b-f7f5e3441b44', 'f4e1d847-736e-43b9-966b-3257f49cef28', 'evening-before', '2025-12-08T23:29:39.189Z'),
('2d85cf62-797e-45c9-b80a-4615d2611b09', '868b0471-ffc3-4476-bf27-c86ed790ccd3', 'evening-before', '2026-03-09T22:19:46.070Z'),
('2ddcdcbe-f839-409b-ad21-5c32fb007135', '8558ed14-0df6-40d5-8def-fa6f0c8c9cb2', 'morning-of', '2026-02-24T16:30:40.195Z'),
('3298ddff-2120-44e8-a038-232b94b22e9e', '5fd8fe96-1aed-4a87-94b8-3ce5a8efd258', 'evening-before', '2025-12-08T23:29:36.887Z'),
('33ea9d06-d1c0-4c8c-92b8-adb4a96c17d2', '0b888296-547a-430b-9f27-4a2adcf1c38b', 'evening-before', '2026-01-12T23:36:21.551Z'),
('34006b8b-6aa3-43ae-aab6-3bd447ffcf31', 'ffba9224-de44-4336-9621-a314d2084c7b', 'day-before', '2025-11-24T19:38:28.260Z'),
('34a09d56-c769-4779-ba69-65390ab3df53', '26cf1523-07f0-407f-81d3-6c60f55bf589', 'day-before', '2026-03-09T13:37:19.614Z'),
('35ab0531-3501-40b1-b43e-b76984945a79', 'b4112e5a-85b4-4225-8931-0e4ee8fc7b2d', 'day-before', '2025-12-08T15:28:12.469Z'),
('35e415b0-d572-42e4-8cd8-7ce44c283af8', '14ffc585-f1d1-4944-ad66-21a86db50424', 'morning-of', '2026-02-24T16:30:40.497Z'),
('37ab41c0-bc78-4573-8e5a-0e1780a8b9e4', '8b7265b5-c304-4826-b8a1-f35d3aef0ef3', 'day-before', '2026-01-12T14:20:22.118Z'),
('38b72a72-40d6-4bcb-baf4-a2fa694f2b49', 'a924c8fa-2899-493e-b023-613ff9ed290d', 'morning-of', '2026-01-27T17:15:24.388Z'),
('3c4d4776-a1e0-41ee-964b-a87c72ddf4ae', '0cbaed9a-4dd7-4ae7-aead-91343352faf3', 'evening-before', '2026-01-12T23:36:05.554Z'),
('406202ee-4c42-4e8e-8189-931ebf4f4534', '8ae8ecfe-3aea-405d-8f1c-e7013f44d920', 'evening-before', '2026-01-12T23:36:11.452Z'),
('41cea4b5-b2b8-4615-afaa-9c0aba8bd3da', 'ed3b0e6f-087a-493a-a16e-04124f077200', 'day-before', '2026-02-09T14:30:59.560Z'),
('42b1e45d-2a87-4bcc-b2c7-707ac0ec8cd6', '7e5d7f13-7c13-4e03-a0a9-69988a163859', 'day-before', '2026-01-26T20:10:22.283Z'),
('439bcf4f-95c2-42c9-b7c0-d9e94225489c', '1f73da0d-eb60-411a-b3cc-b2d6edb08ddd', 'morning-of', '2026-02-24T19:01:43.961Z'),
('45b7a205-e62c-4f26-a8a3-a0836c16788f', '8dfd2a68-5625-436f-8c1f-151cf69b8c67', 'day-before', '2026-02-09T14:31:00.761Z'),
('470a4893-1d05-4c86-9c43-ccc2643d6507', 'b56a3642-a26a-4454-93b2-f08e1b36554f', 'evening-before', '2025-12-08T23:29:38.088Z'),
('473ab977-f7c5-496f-be68-a9f29a2d73c5', '7a34ef08-f4df-4fc2-bd1e-f13e1072598e', 'day-before', '2026-03-09T13:37:23.414Z'),
('47996127-098a-4116-b4ef-f5f4f3fd176b', '9333f172-78bd-414f-a860-f46481177419', 'evening-before', '2026-01-12T23:36:03.552Z'),
('4ad5e51f-2a0a-42b0-ad1a-c42e7062ab52', '14ffc585-f1d1-4944-ad66-21a86db50424', 'day-before', '2026-02-23T19:05:09.728Z'),
('4bff2ec1-1728-43e6-8e04-29fc68704b1a', '7b40c456-0bbb-426c-86b5-7219f3a9b174', 'day-before', '2026-03-09T13:37:43.847Z'),
('4f0618f3-213d-4b56-8bf5-c37bf8a79a43', '0290d9e2-e4cc-43d8-9d51-5945981e7b87', 'morning-of', '2025-11-25T17:03:35.657Z'),
('53e0ee1a-c66b-4fcd-ad7c-34d5b7a0462c', 'e2f150b8-1b8c-44a7-a484-0c05f38d656a', 'day-before', '2025-11-24T18:59:23.896Z'),
('5493980c-c7da-4db5-8f85-05ac3269b985', '3cd8319b-71d3-46bb-ae7c-37ab750f78ab', 'morning-of', '2025-11-25T17:03:31.659Z'),
('549d222c-60ee-4188-a7b2-4c17b0b71f24', '7e5d7f13-7c13-4e03-a0a9-69988a163859', 'morning-of', '2026-01-27T17:15:25.988Z'),
('54c6d780-a668-4e0e-ae5c-59c093f40d16', '8ae8ecfe-3aea-405d-8f1c-e7013f44d920', 'day-before', '2026-01-12T14:20:17.200Z'),
('55ded99b-cf9c-45f4-ae46-cc794bc8ef4c', '4353544f-c9a6-419c-9f29-28b7678893c1', 'day-before', '2026-03-09T13:37:31.915Z'),
('56a0abb5-d4f0-4651-9936-7ec06174462a', 'abe8eaf4-b889-442f-9e37-8407f35c53e8', 'day-before', '2025-12-08T15:28:13.071Z'),
('56ff9090-2ed5-4eca-9825-2563dad9d6c0', 'c517083f-f809-45dd-8980-7fb59c724e1a', 'day-before', '2026-02-23T19:05:09.568Z'),
('5f411b85-4008-4644-855a-65c4295cbe8c', 'cffba5eb-a63b-4032-b18c-aec5721e2493', 'evening-before', '2026-03-09T22:19:46.655Z'),
('60059a1c-5914-4e50-a9c2-eaaa8f177715', 'ff44e4a0-b27c-4ccf-ab23-0fbac829a847', 'day-before', '2026-01-12T14:20:16.961Z'),
('6693528e-f4aa-46b8-86f9-7089f54ff7c5', '672f9452-464e-47d8-9ef1-cf6788034c2f', 'day-before', '2026-02-23T19:05:09.405Z'),
('68445f90-283d-417a-99c1-c3551f535a1b', '7361145a-e748-45a5-b534-efb0cedd2e19', 'day-before', '2026-01-12T14:20:16.706Z'),
('6b1625b9-069a-43a2-b6b6-87c5025313d5', '962542e5-4d3c-4d1a-9420-166ab41df284', 'day-before', '2026-01-12T14:20:16.831Z'),
('7483578a-a6d9-4c2b-9721-85ccc1dec24f', '50dcfa67-5c72-4f28-ae3b-ecce404e6efd', 'day-before', '2025-11-24T18:59:23.453Z'),
('784710bf-f485-4066-859c-13c618c4155d', '866c6b58-2a7c-48ad-aaa9-0a1d95844ae2', 'day-before', '2025-11-24T18:59:25.043Z'),
('78d70d09-1d65-42d6-804c-69330a2dda18', 'b56a3642-a26a-4454-93b2-f08e1b36554f', 'day-before', '2025-12-08T15:28:12.773Z'),
('7f4f05de-9505-49f2-a534-dd0d2d939156', 'd5f97598-8b69-4579-8537-fd500557b475', 'day-before', '2025-11-24T18:59:23.608Z'),
('7fc1e22e-a20c-425e-a727-35488024ea3d', '1f73da0d-eb60-411a-b3cc-b2d6edb08ddd', 'day-before', '2026-02-23T19:05:09.882Z'),
('7fc8bc2d-ad23-4bd8-a79f-bfbe480dbb81', 'e2bc969b-a5c3-420e-958b-9da35f8cec7e', 'evening-before', '2026-03-09T21:57:37.255Z'),
('7fe0e1d0-b89a-425b-9ef4-7c1017c862aa', '8f4b22e1-43e2-4a7d-b4f5-5af49586ed2b', 'morning-of', '2025-11-25T17:03:33.457Z'),
('7ff0469c-aa23-4d9f-b507-fec801d2b8ed', 'b167b828-7754-4b3a-9412-0a842d54922c', 'morning-of', '2025-11-25T17:03:09.882Z'),
('820d4e8d-a8e8-40d6-ac1f-5aaf4dbea52e', '0cbaed9a-4dd7-4ae7-aead-91343352faf3', 'day-before', '2026-01-12T14:20:17.322Z'),
('8328d337-20f6-47d8-a80e-c1305c539a54', '9827d5a9-ace5-4edd-b0a5-3b0e74d5c163', 'evening-before', '2026-02-09T23:26:04.375Z'),
('9392b414-62e1-4eb5-bab3-cc7dc7b80389', '8dfd2a68-5625-436f-8c1f-151cf69b8c67', 'evening-before', '2026-02-09T23:26:04.236Z'),
('97871396-ec7c-4906-a903-5e1f22b6c5fb', '57e1a850-61ab-4fc7-94d4-5a5c578e1586', 'day-before', '2026-01-26T20:10:08.383Z'),
('987be96f-f48d-4840-973a-8d105b361604', '672f9452-464e-47d8-9ef1-cf6788034c2f', 'morning-of', '2026-02-24T19:01:43.510Z'),
('9995942f-b61c-401e-9584-bace0eee1dbb', 'eaba6c50-c573-42aa-ac06-eb72a7ac50b6', 'morning-of', '2026-02-24T19:01:47.460Z'),
('a29f0c0e-ce0e-4db6-a503-1ce6938506fa', '4854413c-4bbe-49c1-ae65-7b7b56c199ac', 'day-before', '2026-01-26T20:10:23.883Z'),
('a83ea9d4-3b1a-45f5-bb0d-554a6e693833', 'f490f352-f329-4fef-a7c8-b35b5cba423f', 'morning-of', '2026-02-24T16:30:40.038Z'),
('ad0210ce-4c3e-493e-b288-3edab18e7bc0', '1c9b70fa-24da-4c7b-a8f8-8047381be64b', 'day-before', '2026-02-23T19:05:08.915Z'),
('ad2a8902-97e8-4e0d-b997-698f88600934', 'b5abc105-1098-4bf4-9165-140d32af88bc', 'morning-of', '2025-11-25T17:03:14.658Z'),
('ad4fac46-9493-45e5-848e-5e887a3b56e9', '8b7265b5-c304-4826-b8a1-f35d3aef0ef3', 'evening-before', '2026-01-12T23:36:01.158Z'),
('ad9f1fb8-991f-451a-b65f-5cca0985131e', '6ed35036-c44d-469f-aef9-b972905fc75c', 'morning-of', '2026-01-27T17:15:29.689Z'),
('aefc61fd-702e-47d6-9dd5-7f4e8ef13c06', 'abe8eaf4-b889-442f-9e37-8407f35c53e8', 'evening-before', '2025-12-08T23:29:40.287Z'),
('b33d65c0-672a-4d76-a141-eb57b6f61e08', '20dfa6ac-3197-424f-a2f6-e533c28565f1', 'evening-before', '2025-12-08T23:29:02.187Z'),
('b567c672-a711-49f5-a97f-17aca2e0093c', 'd8322341-50d0-49c0-b7ae-77358c412c1e', 'day-before', '2026-03-09T13:37:17.917Z'),
('b5740adc-b81d-4b79-935c-cd9b5955e43a', '46002df3-25ee-4598-9a0e-1f14ef4c31ad', 'day-before', '2026-02-23T19:05:12.199Z'),
('b6c0904e-37f2-49e5-b627-27af10a5389a', '50dcfa67-5c72-4f28-ae3b-ecce404e6efd', 'morning-of', '2025-11-25T17:03:10.957Z'),
('b6c1cd5f-dc34-4c5b-9f85-8f1a9ccee2ba', '5c8ec353-e6c8-4715-9d45-fff30f833ad4', 'evening-before', '2026-02-09T23:26:03.942Z'),
('b96e74e3-b002-4977-9503-36f151e49799', '73c1557c-6062-4101-8db7-f7c80cd72b28', 'evening-before', '2025-12-08T23:29:41.588Z'),
('bda303e9-7b8b-46c8-a4aa-d21f1aea6ac6', '1c9b70fa-24da-4c7b-a8f8-8047381be64b', 'morning-of', '2026-02-24T19:01:43.348Z'),
('bdb2600b-17ed-43b3-9c72-2d15884dcc07', 'd5f97598-8b69-4579-8537-fd500557b475', 'morning-of', '2025-11-25T17:03:12.757Z'),
('c048f6ef-77a0-40c1-8d74-84d43cd22c58', 'c517083f-f809-45dd-8980-7fb59c724e1a', 'morning-of', '2026-02-24T16:30:40.341Z'),
('c0dafa7c-49bd-4e57-a0bb-d13fc19c7b4b', 'ffba9224-de44-4336-9621-a314d2084c7b', 'morning-of', '2025-11-25T17:03:32.558Z'),
('c0e46fe9-bac5-42d2-ba74-6214c4394539', 'a924c8fa-2899-493e-b023-613ff9ed290d', 'day-before', '2026-01-26T20:10:20.886Z'),
('c191d3f5-fdcd-4792-979d-4927945c0645', '991222ea-59af-447c-ad72-c9e510f75bd9', 'day-before', '2026-01-26T20:10:01.486Z'),
('ca2490ec-6014-459e-94f2-c5aae728558c', '0290d9e2-e4cc-43d8-9d51-5945981e7b87', 'day-before', '2025-11-24T19:38:30.873Z'),
('ca9e90cb-4020-4374-8c89-5044483f6068', 'b5abc105-1098-4bf4-9165-140d32af88bc', 'day-before', '2025-11-24T19:38:09.073Z'),
('cae93fd3-b560-473d-98e7-6125fa295dab', '882471b6-ace3-4c43-83b4-358c3a804c35', 'evening-before', '2026-01-12T23:36:02.351Z'),
('cc4462c9-1de9-43b0-8796-30af27cba2ea', 'ed78bdbc-bdf7-485a-9795-d53ee050fb4c', 'evening-before', '2026-03-09T22:19:46.368Z'),
('cdd121be-d475-4531-8f36-fa2844acf715', '868b0471-ffc3-4476-bf27-c86ed790ccd3', 'day-before', '2026-03-09T13:37:18.114Z'),
('d151336b-bffb-45fc-9c65-878166ed1ff1', '8f4b22e1-43e2-4a7d-b4f5-5af49586ed2b', 'day-before', '2025-11-24T19:38:29.372Z'),
('d3134058-790b-4769-b37f-cd24e772239d', 'b4112e5a-85b4-4225-8931-0e4ee8fc7b2d', 'evening-before', '2025-12-08T23:29:35.301Z'),
('d4546077-cae2-4075-a3a2-6ac15929a285', '5d856ff1-5106-4c89-8ffc-34d0e703f054', 'day-before', '2026-01-26T20:09:59.084Z'),
('d4c419c3-848f-4161-9122-25d42ae43894', '5d856ff1-5106-4c89-8ffc-34d0e703f054', 'morning-of', '2026-01-27T17:15:12.705Z'),
('d6db1487-d9ee-4fd8-b916-45891809f9d8', 'ff44e4a0-b27c-4ccf-ab23-0fbac829a847', 'evening-before', '2026-01-12T23:36:18.752Z'),
('d7086339-1a10-4d3e-9886-00b1f0554c21', '4854413c-4bbe-49c1-ae65-7b7b56c199ac', 'morning-of', '2026-01-27T17:15:27.088Z'),
('d74243af-6ec8-4250-802a-1cfb47efa46b', '4353544f-c9a6-419c-9f29-28b7678893c1', 'evening-before', '2026-03-09T21:57:37.612Z'),
('d8f55f9c-af49-43d9-ba29-b167b268dd5c', '0b9a5e30-e1fa-4a90-a160-3f44bf59281f', 'evening-before', '2026-01-12T23:36:16.354Z'),
('da194708-dbd5-4e98-80fe-250532b478ff', '991222ea-59af-447c-ad72-c9e510f75bd9', 'morning-of', '2026-01-27T17:15:19.688Z'),
('db8ecf32-2538-4a44-af11-62731fa06eff', '7a34ef08-f4df-4fc2-bd1e-f13e1072598e', 'evening-before', '2026-03-09T21:57:37.098Z'),
('ddce5d9c-d1f4-430c-9d17-9adb0f883dc7', '166c6120-fc25-477d-9b56-7d5cea129054', 'evening-before', '2026-02-09T23:26:03.801Z'),
('e1560782-a0b5-42ec-aea6-878f5102356c', '962542e5-4d3c-4d1a-9420-166ab41df284', 'evening-before', '2026-01-12T23:36:19.752Z'),
('e2dd84d8-d5ee-4ce1-825c-b4062c1d6b5b', '0b9a5e30-e1fa-4a90-a160-3f44bf59281f', 'day-before', '2026-01-12T14:20:17.080Z'),
('e3519dbb-e85c-4ffc-a568-7b01a433dbe7', 'd63d0008-a85a-45c1-bf38-78b0937f6ced', 'evening-before', '2025-12-08T23:29:43.787Z'),
('e359b08b-eae4-46c0-aab7-5e19aa8caedc', '166c6120-fc25-477d-9b56-7d5cea129054', 'day-before', '2026-02-09T14:30:29.979Z'),
('e42680ab-d649-4a4c-9563-f8109fa5b548', 'e2f150b8-1b8c-44a7-a484-0c05f38d656a', 'morning-of', '2025-11-25T17:03:27.959Z'),
('e5daa8cc-c268-4483-a434-7dffccbd6e28', 'f5d3c9f4-0041-4cdc-bb5e-ebd3844eed93', 'evening-before', '2025-12-08T23:29:06.087Z'),
('e70d490a-9fdb-4159-9958-29b365229936', 'd8322341-50d0-49c0-b7ae-77358c412c1e', 'evening-before', '2026-03-09T22:19:45.918Z'),
('e92eaea7-3ba8-49fe-8a54-e0c74830fe3d', '57e1a850-61ab-4fc7-94d4-5a5c578e1586', 'morning-of', '2026-01-27T17:15:21.488Z'),
('e9f3b394-6aeb-404a-9168-b7e2d91ce4dd', '8558ed14-0df6-40d5-8def-fa6f0c8c9cb2', 'day-before', '2026-02-23T19:05:08.681Z'),
('eda49238-cb88-4451-9b92-3a40045b3d17', 'a73bfd3a-b384-4ce3-9e28-02268cd9f29d', 'morning-of', '2026-01-27T17:15:28.588Z'),
('f27d1761-2298-45ee-a024-fbd47e89995e', 'e2bc969b-a5c3-420e-958b-9da35f8cec7e', 'day-before', '2026-03-09T13:37:28.218Z'),
('f4187dff-b08e-40e9-97aa-bca581fb6887', '7361145a-e748-45a5-b534-efb0cedd2e19', 'evening-before', '2026-01-12T23:36:20.453Z'),
('f57d9dd8-e517-4f12-8a65-17987869f9c6', 'ed78bdbc-bdf7-485a-9795-d53ee050fb4c', 'day-before', '2026-03-09T13:37:21.515Z'),
('f5c2db23-a04f-4fb7-b768-742f0152bb2d', '0b888296-547a-430b-9f27-4a2adcf1c38b', 'day-before', '2026-01-12T15:39:40.494Z'),
('f5edffbd-ccd8-4b01-ad00-7f338452789b', '9827d5a9-ace5-4edd-b0a5-3b0e74d5c163', 'day-before', '2026-02-09T14:31:01.662Z'),
('f8008162-9dd4-467c-89ea-7856622084d4', '3cd8319b-71d3-46bb-ae7c-37ab750f78ab', 'day-before', '2025-11-24T19:38:14.074Z'),
('f93424be-4d34-4d24-8500-b8ad0a201109', 'a73bfd3a-b384-4ce3-9e28-02268cd9f29d', 'day-before', '2026-01-26T20:10:25.282Z'),
('fdbb98c7-02d8-432a-8b0a-cc41ee279028', '5c8ec353-e6c8-4715-9d45-fff30f833ad4', 'day-before', '2026-02-09T14:30:36.660Z'),
('fe4b7872-0dfb-4fc7-9dce-9caefffcb54e', '46002df3-25ee-4598-9a0e-1f14ef4c31ad', 'morning-of', '2026-02-24T19:01:48.960Z'),
('ff74f22d-e059-4235-8c35-4beb514892df', 'a68442c4-726a-4670-be6f-fead5c95a7ef', 'day-before', '2025-12-08T15:28:13.365Z')
ON CONFLICT ("id") DO NOTHING;

-- loads_of_love_recurring_event_tracking: 8 rows
INSERT INTO "loads_of_love_recurring_event_tracking" ("id", "event_type", "year_month", "event_id", "created_at")
VALUES
('231e3e98-3c31-4c5f-a64c-2276d23d847e', 'morning', '2026-04', 'f46ae096-0b17-4f61-bb48-8fb7350b14c8', '2026-03-11T17:42:53.389Z'),
('29582409-0e7d-4c7a-b1c1-cb2fe156a165', 'morning', '2026-02', 'ed2683f0-9162-43d0-8e0f-2b4c8d0ef0ac', '2026-01-14T17:14:06.220Z'),
('6334b00c-c207-4fb4-9597-d850bbe8947f', 'morning', '2025-11', '8f2a2036-625c-446c-aa41-730c34b83233', '2025-10-29T17:21:04.687Z'),
('9f69ab60-df30-42bf-a249-603147cdde2e', 'morning', '2025-12', '691b9b1c-9933-46f7-9f71-3e2344db419b', '2025-11-12T17:02:40.041Z'),
('a38573d6-0ee4-4d6f-a2ab-f4a6e0532eec', 'evening', '2025-11', 'e0e1e15d-f32d-489f-aeb1-28348bb31b91', '2025-10-29T17:21:07.350Z'),
('b945fef3-a3c8-480c-8779-c76eb682afaa', 'evening', '2026-02', 'acd9d8e5-51b4-4233-a9bf-48776142377d', '2026-01-28T17:47:23.655Z'),
('d0201017-2542-495a-8335-7b3d8ecfa18c', 'evening', '2026-03', '045af2f8-6eb3-4a84-a542-d303050194d8', '2026-02-25T17:15:08.730Z'),
('d457d304-6fe4-498e-a571-0fe0e082fee3', 'morning', '2026-03', '96b46706-b1d4-435b-b41d-42298554fe33', '2026-02-11T17:05:42.305Z')
ON CONFLICT ("id") DO NOTHING;

COMMIT;

